{"cameraMode":{"drawMode":0,"name":"Shaded","section":"Shading Mode"},"sceneLighting":true,"audioPlay":false,"sceneViewState":{"showFog":true,"showMaterialUpdate":false,"showSkybox":true,"showFlares":true,"showImageEffects":true,"showParticleSystems":true},"in2DMode":false,"pivot":{"x":4.350817680358887,"y":-0.38603466749191286,"z":0.91250079870224},"rotation":{"x":-0.07640904188156128,"y":-0.020641589537262918,"z":0.001582142780534923,"w":-0.9968616962432861},"size":7.338718891143799,"orthographic":true}